index,Primary Investor Type,Target Investment Country,Investment Type,Preferred Industry
0,1,1;2;4;16;70;114;115,0,2;8;19;25;27;29;36;57;58;66;83;91;103;107;129;146;153;154;158;189;241;255;268
1,1;64,0,0,36;57;79;84;85;100;108;129;151;227
2,1,0,13;95,2;5;7;13;22;30;31;42;54;55;64;66;71;83;91;99;100;101;107;108;111;128;129;150;154;155;156;167;173;177;180;182;183;190;210;221;227;237;239;241;246;249;251;264
3,131,0,0,36;57;129;255
4,131,1;4;70;99,0,36;57;91;111;112;129;255
5,107;131,0,43,8;19;57;64;100;108;120;129;154
6,119,35,46,0
7,6;107,0,69;72,36;227
8,1,0,0,7;22;30;66;79;83;85;91;108;120;129;136;153;167;227;232;241;249;251;263
9,64,16,0,0
10,107;131,0,0,57;107;111;113;129;147;151;165;174;190;227;255
11,69;97;107,2;4;33,18;41;44;69;72,36;57;58;66;91;107;129;147;151;153;154;158;165;171;177;182;207;237;241;255;256
12,69;97;107,0,18;39;44;68;69;72;165,0
13,107;131,0,26;40,91;107;129;153;157;165;171;189;197;232
14,131,0,0,7;43;47;54;59;61;83;102;107;108;111;112;165;177;210;232;251;256
15,1;64,100,43,41;88;90;91;143;152;169;177
16,131,0,0,1;79;83;108;113;120;128;189;211;227;232;241;268
17,107;131,39,26;60,0
18,131,0,26;66,2;7;8;13;31;55;57;58;66;79;84;107;108;120;153;158;163;165;207;211;213;227;232;241;249;255
19,131,0,0,71
20,107;131,0,0,57;64;100;108;129
21,97;107,0,0,5;91;102;107;125;129;147;154;171;182;227;255;263
22,107;131,33;70;101;115,0,7;29;53;83;152;153;157;189;241;250
23,107;131,1;4;70;99,0,8;19;42;57;64;108;128;154;221
25,97;107,4;33;79,0,36;57;58;107;129;255
26,97,0,0,71;91;129;150;154;165;227;255
27,74,39,18;35;69;72,36;107;129;198;227
28,97,115,0,14;22;28;50;51;57;58;79;107;111;112;155;165;182;207;214;232;241
29,1;131,0,13,0
30,97;107,2;21;33;46;101,0,57;91;107;129;147;151;227;251;255
31,131,0,26,36;45;57;100;108;129;153;182;235;241
32,119,0,26;40;44;72,5;91;129;154;184;227;255
33,6;107,0,39;42;72,52;57;100;129;157;241
34,97;107,0,0,36;57;66;91;108;128;129;147;151;153;165;171;232;241;255
35,131,0,0,255
36,131,0,26;40;49;81,0
37,97,33;79,0,6;22;28;40;41;83;90;99;106;107;111;129;155;165;167;169;171;180;182;189;214;241;256
38,56,0,38;81,0
39,6;107,115,0,7;29;42;57;83;91;102;129;147;151;153;155;165;171;263
40,131,0,0,19;71
41,97,0,0,21;100;108;129;155;162;241
42,58;107,0,0,1;8;19;36;55;57;66;76;83;84;108;120;127;128;129;153;163;165;167;212;221
43,131,0,0,30;90;108;129;153;241
44,97;107,115,0,36;111;112;129;227
45,97,0,18;44;68;72;76,0
46,131,0,0,1;7;15;29;42;47;62;71;83;84;85;107;108;109;111;120;127;152;157;162;166;174;175;182;189;211;232;235;240;241;255;259;264
47,97;107,0,0,255
48,74,0,42,0
49,107;131,0,0,57;100;108;129
50,1;64,0,43,19;43;66;108;154;256
51,6,2;4;33,0,35;36;41;57;91;107;129;154;171;182;183;232;246;255;263
52,107;131,0,0,57;79;100;108;118;146;180;251;258
53,6;107,0,18;41;44;68;69;72,0
54,97,79,0,36;107;129;151
55,1,114,0,0
56,131,0,0,241
57,1,0,0,44;77;79;130;137;191
58,95,0,18;28;35;44;69;72,0
59,107;131,16;33;51;76;99;115,0,255
60,131,0,26;49;81,71;83;84;101;108;120;152;157;158;241
61,131,16;69;115,26,36;57;107;255
62,107;131,0,66;81;83,151;165;241
63,97,0,0,2;7;8;19;22;36;43;46;54;59;83;85;91;96;102;129;130;151;154;164;165;167;171;227;232;244;246;251
64,6;107,1;2;4;33;70,13;18;44;68;69;72;79,36;57;58;83;107;129;147;151;153;169;177;211;218;241;255
65,97,0,0,0
66,1;53;131;132,0,13;26;66,36;176;241
67,28,0,0,43;57;64;100;118;129;165
68,1,115,26;81,2;29;36;37;57;58;91;129;146;147;151;154;165;177;255
69,97;107,0,0,36;107;108;128;129;255
70,1,28;92;113;115,0,73;120;154;273
71,131,0,0,64;273
72,131,0,26,273
73,119,0,18;28;35;44;69;72,0
74,97;107,4;16;51;114;115,0,36;52;53;57;66;83;107;108;129;147;153;154;165;171;182;232;241;263
75,28,0,0,153;165;171
76,97;107,2;4;33;70;115,18;69;72,36;41;57;107;164;171
77,58;107,1;2;20;33;46;69;70;101,0,36;57;58;107;129;153;254
78,107;131,0,0,8;19;30;45;57;64;66;71;75;108;129;175;241;276
79,97;107,79,0,52;57;129;147;151;232;255;276
80,131,0,0,7;18;43;91;227;263;273
81,78,36,26,1;7;8;19;36;42;43;45;50;55;66;79;84;85;107;129;153;156;163;165;207;233;241;243;268
82,28,0,0,31;64;107;108;153;154;185;196;273
83,95,0,18;28;95,0
84,97;107,79,0,107;129;151;241
85,107;131,0,0,8;19;57;68;75;84;101;108;119;129;175;182;190;208;235
86,107;131,33;115,26;41,77;129;165
87,5,0,0,57;129;165;227;255
88,131,0,66,128;129
89,97,35,10;26;49;81;95,25;36;57;58;83;129;153;165;171;189
90,131,0,81,36;255
91,97;107,115,0,3;21;36;85;91;102;107;108;117;126;141;151;154;155;165;171;174;176;241
92,6;107,0,18;35;44;69;72,14;28;50;51;57;58;87;101;107;112;182;227;232;261
93,1,105,0,8;19;29;36;57;58;83;91;107;129;153;165;177;241;255
95,107;131,2;4;33,0,79;108;129;165;180;241;255;258
96,28,0,0,8;19;31;108;128;129;154;183
97,34,0,0,0
98,97;107,16;115,0,36;57;107;129;151;156;241;255
99,97;107,79,0,36;129;155
100,45,0,0,0
101,131,0,26;81,133
102,131,0,0,0
103,97;107,33;79,10;12;39,36;57;107;129;151;255
104,131,105,66;81,255
105,119,2;4;21;33;70;95;115,0,6;57;91;107;165;177;183;198;227;232;255;256
106,131,0,0,72;100;125;153;154;165;167;171;241
107,28,0,0,43;150;151;190;251
108,1,33,0,36;66;108;241;249;251
109,97,0,0,36;57;58;129;153;158;165;241;255;274
110,97,0,0,29;36;57;66;79;83;107;128;129;151;153;158;165;189;207;232;241
111,97,33;115,0,57;58;79;83;87;91;102;107;108;128;154;157;165;171;182;183;227;230;232;239;256;269
112,97,11;26;34;35;78;114,0,0
113,56,115,0,36;42;43;91;255
114,1,0,0,43;108;128;150;234;243;246;251
115,131,0,0,57;79;100;108;129;165
120,97;107,2;4;33;59,0,36;57;129;147;151;232;255
121,131,52,40,7;8;14;19;29;42;57;58;79;84;85;91;107;108;129;153;156;165;169;171;198;241;268
122,107;131,0,0,64
123,97,0,0,36;57;107;129;151;255
124,131,0,66;81,255
125,97,0,0,36;57;59;129;151;255
126,107;131,0,0,154;273
127,131,0,0,47;57;58;79;84;85;108;128;175;190;241;255
128,107;131,0,66;81,8;19;30;43;57;71;100;108;129;241
129,131,0,40;81,30;91;101;130;153;157;171;177;183;187;198;232
130,97;107,0,0,57;91;95;151;241;255
131,97;107,0,10;39,43;108;182;255;256
132,131,0,0,31;64
133,1,16,81,8;57;100;102;127;129;165
134,131,51;101;115,0,30;42;100;129;153;165;171;177
135,131,21,0,3;5;12;19;30;90;91;153;171;177;184
136,131,0,0,36;47;71;81;84;108;113;120;151;167;190;213;221;241;243;255;259
137,97;107,0,0,36;57;129;147;151;241
138,6,16;33;115,0,36;57;107;129;151;241;263
139,6,0,18;44;45;68;69;72,94;230
140,131,0,0,30;47;57;108;129;143;153;237;256
141,131,0,0,255
142,107;131,0,26;49,5;30;90;154;177
143,131,95,26;40;49;81,7;15;43;47;64;83;84;108;120;128;153;167;241
144,28,0,0,108
145,6,0,0,0
146,97;107,79,0,2;5;35;36;41;51;57;72;80;85;90;101;102;129;136;147;149;154;167;171;177;182;187;190;198;255;256
147,107;131,0,0,31
148,131,0,26,255
149,97,33,0,1;36;83;150;158;176;190
150,28,0,0,0
151,131,0,0,64;154;273
152,131,0,0,64;108
153,53,0,28;69,0
154,97,35,0,6;36;129
155,131,0,0,64;273
156,131,46,26;67;81;83,71;100;241;251
157,131,115,66;83,43;57;100;108;129;165;175;252
158,63,33,26;81,36;42;43;81;158;190;206;233
159,97;107,0,0,36;84;129;147;153;154
160,107;131,39,0,0
161,1,115,26,0
162,97,35,10,36;57;58;91;102;129;151;153;169;171;177;255
163,131,0,0,8;19;57;64;71;75;84;108;127;129;175;241
164,97;107,0,0,129;165;255
165,1;64,0,0,255
166,107;131,0,0,57;58;85;101;107;111;112;129;255;263;264
167,70;107,0,18;35;41;69;72,0
168,28,0,81,0
169,97,0,0,50;129;153;171
170,131,0,0,31;64;273
171,97,0,18;44,5;36;57;107;129;255
172,131,115,26;49;81,29;42;66;83;154;165;171;241;255
173,28,0,0,64;71
174,58;107,4;33;79,0,30;77;79;129;130;165;179;214
175,131,0,0,8;19;31;57;89;100;129;153;182;233;237;240
176,28,0,0,18;19;31;73;79;81;103;120;145;154;182;195;196;240;255;273
177,1,100,0,6;7;13;19;27;29;30;42;43;46;54;59;81;91;94;102;106;109;112;127;129;158;167;169;172;183;192;230;239;240;259
178,97;107,0,18;22;39;44;68;72,58;182;232
179,97;107,0,0,36;57;107;129;150;151;152;241
180,131,0,10;26;49;81,8;19;36;57;58;83;129;153;158;165;171;180;189;207;239;241;254;255
181,131,33,0,1;36;42;57;66;79;91;107;108;129;156;163;165;189;190;197;268
182,1,0,0,7;111;251
183,95,0,0,0
184,97,35,0,7;30;35;36;55;88;90;91;107;108;127;129;147;153;154;165;167;241
185,28,0,26;31;64,0
186,131,115,0,57;100;241
187,97;107,0,0,36;57;108;129;182;256
188,5,46,94,37;42;58;67;71;79;83;84;108;120;126;158;167;188;190;213;221;232;246
189,131,0,0,3;12;22;72;84;91;100;153;165;179;190
190,131,0,0,31;64;273
191,97,79,0,107;108;129;150;255
192,131,46;51;115,26;49,36;57;58;100;107;129;152
193,97,0,10;12;39;56,36;57;85;255
194,28,0,0,19;30;31;83;90;91;108;129;153;165;235
195,6;127,0,0,31;64
196,131,0,0,8;19;30;84;190
197,1,52,0,7;13;22;30;36;42;45;46;54;79;85;108;111;113;127;130;156;158;165;189;197;214;233;259;269
198,97,0,10,22;28;36;57;61;111;147;153;154;171;180;182;241;259
199,6;107,0,18;40;72,107;255
200,63,0,26;49;81;60,42;102
201,6,16;33;115,10;39,57;58;91;107;129;147;153;154;177;227;256
202,97,33;115,0,50;84;108;129;165;169;171;177;233;241
203,131,114,26;40,230;240
204,97;107,115,0,36;66;107;108;129;154
205,97;107,0,0,7;54;55;85;91;92;107;110;125;128;129;136;155;156;162;174;182;183;227;232;235;255;256
206,107;131,0,0,30;31;57;64;100;118
207,97,0,0,0
208,107;131,1;16;59;101;115,26,36;79;108;241
209,131,0,0,2;8;13;19;23;29;30;31;45;52;53;64;68;77;81;90;100;102;118;127;145;153;158;171;177;185;189;191;196;208;209;211;218;225;233;235;236;243;248;268
210,56,0,0,0
211,21,0,0,0
212,131,0,0,255
213,131,0,26,43;57;64;71;108;128;151;175;241;249
214,97;107,0,18;68;95,107
215,131,18,0,31;57;108;120;154;273
216,131,0,0,8;19;57;108;128;150
217,58,16,0,42;91;129;153;255
218,131,21,0,84;153;255
219,71,0,0,0
220,131,0,0,42;50;51;92;102;265;269
221,71,0,0,0
222,97;107,6;16;33;76;79;100,0,36;57;85;125;156;171;232;241;255
223,74,11;36;86;104;105;114,0,36;85;129;153;166
224,97;107,6;16;33,10;12;39,36;56;57;129;182;241
225,97,0,0,57;129;255;256
226,34,0,0,0
227,131,0,0,31;36;91;153;158;165;189;233;241;254;255
228,107;131,0,0,57;58;91;255
229,1,0,0,29;189;263;268
230,97;107,0,0,36;57;107;129;153;177
231,97,6;114;115,40,2;36;42;57;58;91;102;129;147;153;154;165;169;218;233;254
232,1,0,0,255
233,63,0,0,7;85;102;107;116;129;154;171;232;255;259
234,131,0,0,255
235,97;107,115,0,36;107;129;151;255
236,1,0,0,255
237,6;107,0,18;28;72,36;57;58;107;129;153
238,21,0,0,0
239,21,0,0,0
240,107;131,0,0,100;108;241;276
241,131,0,0,66;83;127;153;189;233
242,63,0,43,0
243,4,0,6,0
244,131,0,0,13;28;36;59;85;91;95;129;171;180;230;244
245,107;131,0,0,8;19;30;158;255
246,1,0,38,43;94;97;102;230
247,97,75,0,36;107;111;171;210;241
248,107;131,0,68;79,100;108
249,1,0,0,3;7;91;177;179;180;225;243;252;263
250,131,0,26;40,43;50;128
252,94,0,0,0
253,94,0,0,0
254,6,4;33;79;115,0,28;35;72;230
255,9,0,95,40;81,0
256,131,46;115,0,65;66;128
257,107;131,115,0,36;75;108;156;241;249
258,107;131,115,26;81,108
259,131,0,0,19
260,97,35,0,255
261,131,6,26,31;36;55;66;83;108;175;241;273
262,28,0,0,7;19;30;42;129;146;180;255;258
263,97;131,101,0,43;57;107;108;118
264,131,0,0,57;71;91;101;102;129;177;183;255
265,131,101,26,255
266,28,0,0,91;127;129;153;165;171;177
267,94;78,0,6,0
268,131,11;26;78,26,175;215;241
269,97,0,0,36;241
270,97;107,79,0,13;22;28;59;85;111;112;129;227;274
271,42,0,13;69;72,0
272,1,52,0,19;84;85;122;200;232
273,28,70;78,0,1;8;19;29;83;107;108;153;165;189
274,28,0,0,0
275,97,100,0,47;79;129;190
276,131,0,66;81,36;255
277,131,0,0,91;102;202
278,131,0,0,19;225;255
279,97,6;76,0,36;39;57;58;83;107;120;129;147;151;165;177;218;232;255
280,97,0,18;95;131,91
281,131,0,0,31;64
282,1;64,0,0,0
283,107;131,0,0,79;129;130;131;166;274
284,97;107,0,0,129
285,131,6,26;81,43;111;113;177
286,1,75,0,42;43;91
287,6;107,0,0,85;112
288,131,0,0,8;19;47;79
289,97;107,0,18;68;90,107
290,107;131,0,0,57;100;255
291,1,0,0,8;19;68;79;129;165
292,107;131,0,0,57;64;100;108;128;129;182;189;213;233;241;243;251
293,97;107,0,0,100;241
294,107;131,115,0,3;8;19;42;165;233;255
295,73,0,0,0
296,28,0,0,54;150;190
297,21,0,0,0
298,131,1;51;54,0,143;241
299,131,0,26;81,36;50;129;153;241
300,131,0,0,157;241
301,131,0,0,7;42;57;108;111;113;129;150;221
302,131,0,26;49,29;36;108;152;182;227;241
303,131,0,0,240
304,94,0,0,0
305,1;64,10,0,8;19;66;73;108;158;239
306,131,0,26;40,129;133;177
307,97;107,0,0,165;244
308,131,6,0,57;153
309,131,0,0,71
310,50,0,0,31
311,1,115,0,31;77;108
312,1;64,0,0,0
313,97;107,0,0,100;241;255
314,131,16;115,26,255
315,131,35;114,0,1;8;57;83;84;108;126;129;156;241
316,107;131,0,0,54;55;99;154;227
317,6,0,40;44;94,79;85;110;111;129;150;166;230;251
318,97,115,0,36;57;58
319,131,0,0,53;57;129;241;256
320,5,115,81,36;57;255
321,107;131,0,0,66;151;199
322,1,0,0,0
323,107;131,0,0,36;255
324,28,0,0,0
325,107;131,115,26;81,82;129;165;207;255
326,107;131,0,0,7;42;43;91;112;230;269
327,1,0,0,271
328,131,0,0,255
329,107;131,0,0,77;79;129;153;165;180;214;258
330,28,0,0,108;117;156;163;182;201
331,131,0,26;40,77;129;131
332,28,0,43,0
333,58;107,115,0,129
334,6,0,21;27;80;92;96;108;171,0
335,97;107,0,0,36;51;57;61;80;100;150;171;210
336,131,21;35;36;78;95;114;115,0,19;101;107;154;255
337,131,0,0,241
339,107;131,115,0,36;45;57;66;79;83;129;153;165;171;189;207;241;255
340,6,39,0,0
341,56,0,0,0
342,107;131,0,0,255
343,34,0,0,0
344,131,0,26,19
345,131,46,0,255
346,131,51;115,0,47;108;154
347,131,115,0,36;100;126;154;241
348,94,0,0,0
349,97;107,79,0,36;85;129
350,94,0,0,0
351,107;131,0,21;26;49;96,255
352,131,0,0,8;19;25;29;36;57;58;66;83;91;107;129;147;153;169;177;182;218;241;254;255
353,131,0,26,7
354,131,46,0,1;7;8;19;29;42;45;55;66;84;108;128;163;176;227;233;243;268
355,131,0,26,108;119;128;129
356,107;131,0,0,57;83;107;153;156;276
357,28,0,0,100;129;153
358,131,0,0,0
359,28,0,0,7;19;29;37;43;66;83;91;108;111;112;129;158;165;184;190;211;221;235;243;259
360,131,0,0,57;79;100;108;182;241
361,97;107,0,0,42;129;146;230
362,131,1,0,255
363,131,0,0,30;128;241
364,131,0,66;81,0
365,107;131,0,0,57;100;215;241
366,97,0,0,153;232
367,63,0,0,7;58;85;91;129
368,131,33;59;115,26;81,66;71;165;225
369,131,0,0,7;109;116
370,64,0,0,0
371,28,0,0,3;23;43;72;89;91;171;190;225;235;248;255;276
372,28,0,0,57;73;75;76;120
373,97,0,0,0
374,85;80,0,0,0
375,5,16;115,26;81,8;19;57;112;127;153;165;171;232;241;255
376,42,0,13;18;28;69;72;94;95,0
377,131,0,0,29;57;83;153;157;177;182;189;241;268
378,94,0,0,0
379,28,0,0,29;64;69;94;122;154;235
380,97,0,0,36;100;147;150;153;255
381,97,0,0,57;107;129;171;244
382,5,0,26,36;57;107;171
383,131,0,0,8;19;21;75;108;141;150;154;199;235
384,131,115,0,36;57;241
385,131,0,0,26;129;167;171
386,131,0,0,36;57;58;153
387,28,0,0,1;19;68;174;182;215;232
388,131,33;115,0,8;19;23;71;180;190;225;233;243
389,97,6;76,0,7;22;42;102;112;129;230;241;255
390,21,0,0,0
391,131,12,0,81,31
392,28,0,26,273
393,59,0,18;28,36;57;129
394,131,4;5;6;21,20;42;46,7;19;30;43;84;85;110;123;233
395,131,0,26,108;129;255
396,6,0,0,0
397,131,0,81,7;22;23;47;52;66;83;91;129;150;176;188;233;239
398,1,0,83,0
399,131,46,0,7;84;108;167;241;249
400,131,0,0,31;64
401,28,0,0,8;19;23;30;82;165;233;255
402,97,0,0,22;36;91;129;227
403,74,0,0,255
404,28,0,0,7;42;43
405,21,0,0,14;22;54;57;80;90;91;129;171;182;183;187;228;231;246;255
407,85,0,0,0
408,1,0,0,182;255
409,131,46;54,0,7;30;43;79;82;113;128;129
410,6;107,0,13;28,0
411,131,0,0,31;154;196
412,63,0,26;49;81,57;58
413,28,2;33;51;79,0,2;23;83;91;107;108;153;154;189;190;197;206;241;249
414,97,0,0,68;144;241;255
415,131,0,26;81,57;84;100;108;255
416,131,0,0,90;129;143;153
417,97,52,0,0
418,9,0,21;81,0
419,21,0,0,0
420,131,0,0,43;270
421,74,0,0,30;42;88;90;91;147;153
422,131,2;78;79,26,108;255
423,131,115,6;26;66;81,108
424,1,0,0,79;255
425,28,0,0,43;91;128
426,97,33;115,0,28;91;232
427,131,0,66;67;81;83,0
428,97,33,0,0
429,1,0,38,0
430,131,20;33;101;110,66,255
431,97;107,0,59,36;57;80;129;171
432,131,51,0,255
433,131,0,0,8;19;66;108
434,131,0,0,71;80;108;167;255
435,4;131,0,6,0
436,5,0,0,43
438,21,0,0,0
439,131,33,26,8;19;68;208;241
440,97,4;46;101,0,107;129;147;165;171;232
441,28,0,0,129
442,107;131,0,0,7;108;113;128;129;153;165;241
443,1,16,26;49;81;60,36;42;91
444,131,0,26,0
445,107;131,0,0,36;100;241
446,6,52,21;24;37;68,0
447,131,0,26;40,8;19;29;31;64;71;88;91;97;154;225
448,131,31,26,108
449,74,0,13;26;40;60,49
450,131,0,26,0
451,97,79,0,36;57;58;129;153;227
452,131,33,0,57;100;108;151;241
453,131,0,26,84;85;100;129;255
454,28,0,0,47;107;129;143;153;255
455,1,33,0,129
456,131,102,0,29;83;129;153;169;241;255;274
457,21,0,0,0
458,107;131,115,0,66;153;241
459,131,0,0,7;84;108;113;215
460,67,0,0,51;94;102;154;230;263
461,131,0,26,0
462,131,14,0,26,64
463,131,21,0,129;171;177;255
464,28,0,26,31
465,97,87,0,0
466,131,115;34;35;36;114,0,8;19;120;241
467,131,87;102,0,8;19;43;68;173;273
468,59,0,30;54,0
469,131,0,0,255
470,42,35,26,57;108;175;221
471,58,35,28,0
472,1;64,0,0,108
473,131,0,26;49;81,0
474,97,52,0,7;112;255
475,131,0,26,255
476,131,0,26;40,85;107;129;254
477,131;64,0,8;19;29;43;64;73;75;76;81;185;196;208;233;263;268;273
478,131,0,0,129;166;251
479,131,33,0,36;83;154;182;268
480,94,0,0,0
481,133,0,0,0
482,85,0,0,0
483,64,0,43,84;108;126;129;176
484,34,0,0,0
485,94,0,0,0
486,131,0,0,241
487,94,0,0,0
488,0,0,0,0
489,21,0,0,0
490,59,0,0,28
491,21,0,0,0
492,21,0,0,0
493,94,0,0,0
494,94,0,0,0
495,94,0,0,0
496,34,0,0,0
497,94,0,0,0
498,4,0,6,0
499,2,0,0,0
500,94,0,0,0
501,85,0,0,0
502,21,0,0,0
503,34,0,0,0
504,94,0,0,0
505,21,0,0,0
506,21,0,0,0
507,34,0,0,0
508,85,0,0,0
509,21,0,0,0
510,97,0,10;39,153;255
511,131,0,0,128
512,34,0,0,0
513,94,0,0,0
514,104,0,0,36;227
515,21,0,0,0
516,94,0,0,0
517,34,0,0,0
518,85,0,0,0
519,131,0,0,153
520,42,0,6;69;81,129;227
521,4,0,6,0
522,4,0,6,0
523,4,0,6,0
524,4,0,6,0
525,4,0,6,0
526,21,0,0,0
527,21,0,0,0
528,34,0,0,0
529,71,0,0,0
530,97,0,0,0
531,34,0,0,0
532,94,0,0,0
533,59,0,30,35
534,131,0,26,0
535,70;42,0,0,36;57;107;182
537,94,0,0,0
538,131,0,26,255
539,21,0,0,0
540,98,0,0,0
541,4,0,6,0
542,4,0,6,0
543,2,0,0,0
545,0,0,0,0
546,97,0,0,0
547,80,0,0,0
548,94,0,0,0
549,4,0,6,0
550,94,0,0,0
552,21,0,0,0
553,0,0,0,0
554,34,0,0,0
555,4,0,6,0
556,4,0,6,0
557,4,0,6,0
558,4,0,6,0
559,78,0,6,0
560,94,0,0,0
561,4,0,6,0
562,4,0,6,0
563,131,0,0,0
564,78,0,0,0
565,94,0,0,0
566,131,0,0,0
567,4,0,6,0
568,4,0,6,0
569,11,0,11;73,0
570,4,0,6,0
571,4,0,6,0
572,4,0,6,0
573,4,0,6,0
574,78,0,0,0
575,4,0,6,0
576,4,0,6,0
577,4,0,6,0
578,4,0,6,0
579,4,0,6,0
580,4,0,6,0
581,78,0,0,0
582,4;131,0,6,0
583,98,0,0,0
584,4,0,6,0
585,78,0,0,0
586,4,0,6,0
587,4;131,0,6,0
588,78,0,0,0
589,0,0,0,0
590,98,0,0,0
591,94,0,0,0
592,60,35,0,20;41
593,97,0,26;40;95,91
594,94,0,0,0
595,85,0,0,0
596,94,0,0,0
597,4,0,6,0
598,78,0,0,0
599,4,0,6,0
600,4;131,0,6,0
601,4,0,6,0
602,4,0,6,0
603,4,0,6,0
604,94,0,0,0
605,94,0,0,0
606,94,0,0,0
607,131,0,26;40,0
608,59,0,54;62,0
609,4,0,6,0
610,60,52,0,5;9;10;24;51;83;90;98;143;153;158;184;256;263
611,21,0,0,0
612,5,46,0,0
613,5,0,26,0
614,131,0,0,8;19;84;108;241
615,34,0,0,0
616,97;107,0,0,5;36;80;83;129;147;151;167;249;269
617,59,0,30;54;57;62,24;28
618,97,0,0,50;107
619,85,0,0,0
620,0,0,0,0
621,97,0,0,30;255
622,59,0,0,0
623,97,0,0,80;171
624,21,0,0,0
625,104,0,24;72;73,49;147;227;232
626,87,0,0,107;129
627,94,0,0,0
628,21,0,0,0
629,94,0,0,0
630,97,0,18;68,230
631,21,0,0,0
632,1,0,0,0
633,68,0,0,0
634,131,0,26;81,153
635,21,0,0,0
636,60,6,0,7;109;129;187;269
637,94,0,0,0
638,5,50,26,77;79;129;131;165
639,131,0,66;81,0
640,0,0,0,0
641,0,0,0,0
642,94,0,0,0
643,4,0,6,0
644,0,0,0,0
645,94,0,0,0
646,94,0,0,0
647,0,0,0,0
648,94,0,0,0
649,74,0,13;28,0
650,24,0,0,0
651,94,0,0,0
652,4,0,6,0
653,0,0,0,0
654,78,0,0,0
655,4,0,6,0
656,4,0,6,0
657,97,0,18;68,255
658,4,0,6,0
659,94,0,0,0
660,94,0,0,0
661,97;107,0,0,57;151;210;232
662,21,0,0,0
663,94,0,0,0
664,59,0,28,0
666,4;131,0,6,0
667,78,0,0,0
668,80,0,0,0
669,94,0,0,0
670,0,0,0,0
671,34,0,0,0
672,94,0,0,0
673,94,0,0,0
674,94,0,0,0
675,89,0,0,0
676,105,0,0,0
677,97,0,0,36;129;255
678,0,0,0,0
679,60,54,0,107
680,116,0,0,0
681,0,0,0,0
682,115,0,0,0
683,0,0,0,0
684,79,0,0,0
685,60,0,0,0
686,21,0,0,0
687,94,0,0,0
688,85,0,0,0
689,94,0,0,0
690,131,0,26;40;49,30;79;84;99;131;180
691,4;131,0,6,0
692,4,0,6,0
693,4,0,6,0
694,4,0,6,0
695,4,0,6,0
696,4,0,6,0
697,4;131,0,6,0
698,94,0,0,0
699,4,0,6,0
700,4,0,6,0
701,4,0,6,0
702,80,0,0,0
703,4,0,6,0
704,94,0,0,0
705,4,0,6,0
706,94,0,0,0
707,4,0,6,0
708,4,0,6,0
709,85,0,0,0
710,14,0,0,0
711,21,0,0,0
712,94,0,0,0
713,21,0,0,0
714,131,35,0,241
715,94,0,0,0
716,4,0,6,0
717,21,0,0,0
718,94,0,0,0
719,97,35,0,151;255
720,98,0,0,0
721,24,0,0,0
722,94,0,0,0
723,79,0,0,0
724,34,0,0,0
725,4,0,6,0
726,98,0,0,0
727,34,0,0,0
728,63,36,26;49;60;81,42;91;116
729,130,36,0,36
730,97,33;36;50;114,0,112
731,0,0,0,0
732,94,0,0,0
733,97,35,0,6;36;42;71;102;129;153;171;182;241
734,21,0,0,0
735,9,0,0,0
736,94,0,0,0
737,60,0,0,0
738,105,0,0,0
739,85,0,0,0
740,129,0,0,0
741,98,0,0,0
742,34,0,0,0
743,34,0,0,0
744,85,0,0,0
745,0,0,0,0
746,1,0,0,0
747,94,0,0,0
748,21,0,0,0
749,98,0,0,0
750,1,21;33;51;95;114,0,7;36;42;43;46;59;61;83;108;143;156;171;232
751,85,0,0,0
752,0,0,0,0
753,85,0,0,0
754,50,0,0,0
755,99,0,0,0
756,94,0,0,0
757,94,0,0,0
758,94,0,0,0
759,131,46,0,0
760,107;131,0,26;49;81,57;79;158
762,21,0,0,0
763,107;131,0,0,7;113;129
764,85,0,0,0
765,0,0,0,0
766,59,28,0,57;129;182;254;255
767,21,0,0,0
768,85,0,0,0
769,0,0,0,0
770,85,0,0,0
771,94,0,0,0
772,94,0,0,0
773,0,0,0,0
774,94,0,0,0
775,60,0,0,0
776,59,115,0,28;54
777,21,0,0,0
778,98,0,0,0
779,94,0,0,0
780,85,0,0,0
781,94,0,0,0
782,21,0,0,0
783,0,0,0,0
784,4;131,0,6,0
785,21,0,0,0
786,94,0,0,0
787,4,0,6,0
788,4,0,6,0
789,120,0,0,0
790,4,0,6,0
791,4,0,6,0
792,59,4,0,28;54
793,1;64,0,0,0
794,4,0,6,0
795,4,0,6,0
796,94,0,0,0
797,4,0,6,0
798,97,114,0,36;83;210;232;255
799,94,0,0,0
800,21,0,0,0
801,21,0,0,0
802,4,0,6,0
803,4,0,6,0
804,4,0,6,0
805,59,33;115,0,28;54
806,34,0,0,0
807,85,0,0,0
808,94,0,0,0
809,34,0,0,0
810,0,0,0,0
811,34,0,0,0
812,97,54,0,47;91;102;153;165;171
813,21,0,0,0
814,21,0,0,0
815,34,0,0,0
816,85,0,0,0
817,21,0,0,0
818,21,0,0,0
819,97,98,0,59;85;107;129;147;151;232
820,97,0,10;39,0
821,94,0,0,0
822,0,0,0,0
823,97,81,0,85;129;154
824,60,0,0,0
825,21,0,0,0
826,94,0,0,0
827,94,0,0,0
828,94,0,0,0
829,131,0,0,19;36;45;57;58;128;153;182
830,85,0,0,0
831,0,0,0,0
832,79,0,0,0
833,59;63,33,0,91;230
834,94,0,0,0
835,0,0,0,0
836,34,0,0,0
837,74,51,0,0
838,9,0,0,0
839,94,0,0,0
840,89,0,0,0
841,117,0,13;68;95,0
842,104,0,0,49
843,5,0,0,255
844,94,0,0,0
845,94,0,0,0
846,94,0,0,0
847,131,0,13;68;79,255
848,34,0,0,0
849,85,0,0,0
850,54,115,0,36;85;129
851,21,0,0,0
852,0,0,0,0
853,42,0,0,0
854,58,0,0,107;108;144;153
855,0,0,0,0
856,0,0,0,0
857,94,0,0,0
858,94,0,0,0
859,90,0,0,41;69;95
860,34,0,0,0
861,81,0,0,0
862,94,0,0,0
863,34,0,0,0
864,94,0,0,0
865,98,0,0,0
866,102,0,0,0
867,94,0,0,0
868,94,0,0,0
869,59,0,30,0
870,58,0,0,0
871,97,0,0,147;150;151
872,21,0,0,0
873,85,0,0,0
874,4,0,6,0
875,4,0,6,0
876,94,0,0,0
877,94,0,0,0
878,0,0,0,0
879,56,0,0,6;7
880,21,0,0,0
881,21,0,0,0
882,4,0,6,0
883,94,0,0,0
884,21,0,0,0
885,24,0,0,0
886,94,0,0,0
887,59;40,0,0,0
888,34,0,0,0
889,21,0,0,0
890,21,0,0,0
891,85,0,0,0
892,21,0,0,0
893,79,0,0,0
894,85,0,0,0
895,42,0,28;68;95;131,0
896,0,0,0,0
897,85,0,0,0
898,94,0,0,0
899,94,0,0,0
900,94,0,0,0
901,85,0,0,0
902,131,33,0,94
903,59,0,30;54,57;254;255
904,85,0,0,0
905,131,33,0,153
906,59,0,28;54,0
907,0,0,0,0
908,80,0,0,0
909,94,0,0,0
910,0,0,0,0
911,85,0,0,0
912,94,0,0,0
913,94,0,0,0
914,97,0,0,243
915,0,0,0,0
916,85,0,0,0
917,21,0,0,0
918,94,0,0,0
919,85,0,0,0
920,94,0,0,0
921,85,0,0,0
922,94,0,0,0
923,94,0,0,0
924,24,0,0,0
925,85,0,0,0
926,94,0,0,0
927,0,0,0,0
928,0,0,0,0
929,59,0,30,0
930,21,0,0,0
931,94,0,0,0
932,21,0,0,0
933,1;64,0,0,0
934,34,0,0,0
935,94,0,0,0
936,34,0,0,0
937,1,0,0,0
938,104,0,0,0
939,85,0,0,0
940,94,0,0,0
941,21,0,0,0
942,21,0,0,0
943,7,0,0,0
944,21,0,0,0
945,11,0,77,0
946,131,0,0,30;214
947,104,0,0,49;138;227
948,21,0,0,0
949,60,0,0,0
950,94,0,0,0
951,131,0,0,72
952,71,0,0,0
953,71,0,0,0
954,94,0,0,0
955,4,0,6,0
956,4,0,6,0
957,131,51,0,12;91;269
958,97,51,0,133
959,67,51,0,91;154;190;198;263;270
960,56,0,38;46,0
961,59,0,18;28,0
962,131,0,0,30;66;128;129;180;182;230;233;255;270
963,4,0,6,0
964,131,51,0,165;180
965,0,0,0,0
966,74,0,38,129
967,0,0,0,0
968,21,0,0,0
969,4,0,6,0
970,0,0,0,0
971,114,51,0,0
972,0,0,0,0
973,94,0,0,0
974,78,0,0,0
975,21,0,0,0
976,0,0,0,0
977,94,0,0,0
978,131,0,0,66
979,0,0,0,0
980,0,0,0,0
981,0,0,0,0
982,94,0,0,0
983,0,0,0,0
984,21,0,0,0
985,0,0,0,0
986,85,0,0,0
987,94,0,0,0
988,94,0,0,0
989,94,0,0,0
990,0,0,0,0
991,94,0,0,0
992,0,0,0,0
993,79,0,0,0
994,21,0,0,0
995,99,0,0,0
996,21,0,0,0
997,4,0,6,0
998,4,0,6,0
999,21,0,0,0
1000,97,0,0,0
1001,94,0,0,0
1002,94,0,0,0
1003,94,0,0,0
1004,94,0,0,0
1005,50,0,0,0
1006,94,0,0,0
1007,94,0,0,0
1008,21,0,0,0
1009,94,0,0,0
1010,4,0,6,0
1011,87,0,0,0
1012,0,0,0,0
1013,94,0,0,0
1014,94,0,0,0
1015,94,0,0,0
1016,38,0,0,0
1017,85,0,0,0
1018,94,0,0,0
1019,34,0,0,0
1020,94,0,0,0
1021,94,0,0,0
1022,0,0,0,0
1023,5,0,0,0
1024,53,0,13,0
1025,105,0,0,0
1026,131,0,0,64
1027,56,0,0,0
1028,1,0,0,255
1029,131,0,0,29;85;102;129;157;254
1030,0,0,0,0
1031,1,0,0,8;19;30;45;123;157
1032,5,0,0,0
1033,94,0,0,0
1034,1,0,0,255
1035,131,0,0,31;84;108;120;241
1036,34,0,0,0
1037,94,0,0,0
1038,60,0,0,0
1039,67,0,0,0
1040,0,0,0,0
1041,131,0,0,0
1042,94,0,0,0
1043,94,0,0,0
1044,94,0,0,0
1045,94,0,0,0
1046,94,0,0,0
1047,94,0,0,0
1048,85,0,0,0
1049,104,0,0,0
1050,94,0,0,0
1051,85,0,0,0
1052,94,0,0,0
1053,97,0,26,0
1054,21,0,0,0
1055,21,0,0,0
1056,1,0,0,36;83;153;221;227
1057,131,0,0,0
1058,21,0,0,0
1059,94,0,0,0
1060,21,0,0,0
1061,21,0,0,0
1062,131,0,0,6;36;129;171
1063,0,0,0,0
1064,34,0,0,0
1065,104,0,0,0
1066,22,0,0,0
1067,0,0,0,0
1068,87,0,0,0
1069,42,0,66;83,49;108;153;171
1070,21,0,0,0
1071,94,0,0,0
1072,94,0,0,0
1073,94,0,0,0
1074,79,0,0,0
1075,0,0,0,0
1076,94,0,0,0
1077,21,0,0,0
1078,131,0,0,259
1079,0,0,0,0
1080,64,0,0,153
1081,94,0,0,0
1082,60,35,0,5;54;66;91;102;240
1083,94,0,0,0
1084,94,0,0,0
1085,0,0,0,0
1086,94,0,0,0
1087,131,0,0,255
1088,94,0,0,0
1089,0,0,0,0
1090,94,0,0,0
1091,131,0,0,0
1092,131,0,0,153
1093,21,0,0,0
1094,94,0,0,0
1095,94,0,0,0
1096,94,0,0,0
1097,94,0,0,0
1098,94,0,0,0
1099,94,0,0,0
1100,94,0,0,0
1101,4,0,6,0
1102,94,0,0,0
1103,94,0,0,0
1104,85,0,0,0
1105,21,0,0,0
1106,85,0,0,0
1107,34,0,0,0
1108,54,0,0,0
1109,97,52,0,0
1110,21,0,0,0
1111,0,0,0,0
1112,58,52,0,0
1113,4,0,6,0
1114,4,0,6,0
1115,4,0,6,0
1116,98,0,0,0
1117,120,35;64,0,31;64;73;273
1118,98,0,0,0
1119,98,0,0,0
1120,98,0,0,0
1121,94,0,0,0
1122,85,0,0,0
1123,94,0,0,0
1124,21,0,0,0
1125,85,0,0,0
1126,21,0,0,0
1127,5,52,0,30;165
1128,5,52,0,30;42;133;165
1129,94,0,0,0
1130,1;64,52,0,27;59;85;106;111;112;259
1131,0,0,0,0
1132,21,0,0,0
1133,0,0,0,0
1134,131,52,0,0
1135,64,52,0,102;110
1136,34,0,0,0
1137,94,0,0,0
1139,56,0,0,0
1140,21,0,0,0
1141,21,0,0,0
1142,21,0,0,0
1143,0,0,0,0
1144,21,0,0,0
1145,21,0,0,0
1146,34,0,0,0
1147,85,0,0,0
1148,94,0,0,0
1149,94,0,0,0
1150,97;60,52,0,107;147;151
1151,0,0,0,0
1152,94,0,0,0
1153,85,0,0,0
1154,94,0,0,0
1155,34,0,0,0
1156,94,0,0,0
1157,94,0,0,0
1158,94,0,0,0
1159,0,0,0,0
1160,94,0,0,0
1161,21,0,0,0
1162,4,0,6,0
1163,4;131,0,6,0
1164,4,0,6,0
1165,94,0,0,0
1166,94,0,0,0
1167,34,0,0,0
1168,1,59;77,0,0
1169,94,0,0,0
1170,94,0,0,0
1171,71,0,0,0
1172,71,33;115,0,0
1173,0,0,0,0
1174,21,0,0,0
1175,60,0,0,6;7;49;54;57;59;80;91;107;147;151;154
1176,0,0,0,0
1177,4,0,6,0
1178,4,0,6,0
1179,4,0,6,0
1180,94,0,0,0
1181,21,0,0,0
1182,97,0,0,153;235
1183,60,0,0,0
1184,60,0,0,0
1185,94,0,0,0
1186,94,0,0,0
1187,94,0,0,0
1188,0,0,0,0
1189,94,0,0,0
1190,60,0,0,0
1191,21,0,0,0
1192,21,0,0,0
1193,0,0,0,0
1194,94,0,0,0
1195,21,0,0,0
1196,94,0,0,0
1197,94,0,0,0
1198,67,0,0,0
1199,21,0,0,0
1200,94,0,0,0
1201,94,0,0,0
1202,94,0,0,0
1203,94,0,0,0
1204,60,0,0,0
1205,131,0,0,108;163
1206,21,0,0,0
1207,94,0,0,0
1208,94,0,0,0
1209,85;21,0,0,0
1210,94,0,0,0
1211,94,0,0,0
1212,0,0,0,0
1213,94,0,0,0
1214,85,0,0,0
1215,94,0,0,0
1216,1;64,0,0,0
1217,21,0,0,0
1218,131,0,0,181
1219,21,0,0,0
1220,131,35,0,0
1221,6,0,0,129
1222,74,0,0,0
1223,120,0,0,0
1224,34,0,0,0
1225,131,0,0,85;129;254
1226,1,101,0,241
1227,34,0,0,0
1228,131,0,0,64;255
1229,0,0,0,0
1230,79,0,0,0
1231,94,0,0,0
1232,1;64,35,0,66,0
1233,94,0,0,0
1234,21,0,0,0
1235,0,0,0,0
1236,21,0,0,0
1237,34,0,0,0
1238,0,0,0,0
1239,94,0,0,0
1240,0,0,0,0
1241,94,0,0,0
1242,94,0,0,0
1243,24,0,0,0
1244,94,0,0,0
1245,94,0,0,0
1246,97,0,0,57;96;107;210;232;255;263
1247,104,0,0,0
1248,129,0,0,0
1249,0,0,0,0
1250,21,0,0,0
1251,42,0,0,36;153
1252,21,0,0,0
1253,67,0,0,91;154;270
1254,94,0,0,0
1255,131,81,0,8;19;255
1256,94,0,0,0
1257,131,84,0,26,255
1258,97,9,0,0,48
1259,119,0,0,0
1260,97,28,0,0,85;129;227
1261,85,0,0,0
1262,131,0,0,85;91;107;129;151;247
1263,131,0,0,107;153
1264,71,0,0,0
1265,94,0,0,0
1266,71,0,0,0
1267,6,0,0,0
1268,131,46,0,0
1269,94,0,0,0
1270,99,0,0,0
1271,0,0,0,0
1272,1;64,0,0,0
1273,0,0,0,0
1274,94,0,0,0
1275,21,0,0,0
1276,60,0,0,0
1277,21,0,0,0
1278,94,0,0,0
1279,34,0,0,0
1280,94,0,0,0
1281,34,0,0,0
1282,94,0,0,0
1283,131,0,0,84;85;108;110;129;153;167;255;259
1284,21,0,0,0
1285,85,0,0,0
1286,94,0,0,0
1287,131,28,0,0
1288,0,0,0,0
1289,94,0,0,0
1290,21,0,0,0
1291,94,0,0,0
1292,21,0,0,0
1293,1,0,0,0
1294,94,0,0,0
1295,21,0,0,0
1296,94,0,0,0
1297,1,0,0,255
1298,0,0,0,0
1299,94,0,0,0
1300,21,0,0,0
1301,21,0,0,0
1302,94,0,0,0
1303,94,0,0,0
1304,21,0,0,0
1305,98,0,0,0
1306,94,0,0,0
1307,85,0,0,0
1308,85,0,0,0
1310,94,0,0,0
1311,94,0,0,0
1312,21,0,0,0
1313,94,0,0,0
1314,131,54;115,0,36;157
1315,94,0,0,0
1316,21,0,0,0
1317,85,0,0,0
1318,21,0,0,0
1319,21,0,0,0
1320,34,0,0,0
1321,34,0,0,0
1322,21,0,0,0
1323,85,0,0,0
1324,34,0,0,0
1325,94,0,0,0
1326,85,0,0,0
1327,99,0,0,0
1328,94,0,0,0
1329,94,0,0,0
1330,21,0,0,0
1331,0,0,0,0
1332,97,0,0,0
1333,43,0,0,0
1334,94,0,0,0
1335,131,0,0,1;8;19;66;158
1336,34,0,0,0
1337,94,0,0,0
1338,21,0,0,0
1339,0,0,0,0
1340,94,0,0,0
1341,21,0,0,0
1342,1;64,0,0,0
1343,34,0,0,0
1344,34,0,0,0
1345,60,0,0,0
1346,21,0,0,0
1347,21,0,0,0
1348,21,0,0,0
1349,94,0,0,0
1350,34,0,0,0
1351,34,0,0,0
1352,94,0,0,0
1353,94,0,0,0
1354,60,0,0,0
1355,34,0,0,0
1356,94,0,0,0
1357,21,0,0,0
1358,94,0,0,0
1359,94,0,0,0
1360,21,0,0,0
1361,94,0,0,0
1362,94,0,0,0
1363,0,0,0,0
1364,4,0,6,0
1365,0,0,0,0
1366,34,0,0,0
1367,34,0,0,0
1368,21,0,0,0
1369,0,0,0,0
1370,94,0,0,0
1371,21,0,0,0
1372,21,0,0,0
1373,4,0,6,0
1374,94,0,0,0
1375,34,0,0,0
1376,60,0,0,0
1377,1;64,0,0,0
1378,21,0,0,0
1379,1;64,0,0,0
1380,0,0,0,0
1381,4,0,6,0
1383,85,0,0,0
1384,28,114,40;66,57
1385,85,0,0,0
1386,0,0,0,0
1387,94,0,0,0
1388,0,0,0,0
1389,94,0,0,0
1390,85,0,0,0
1391,21,0,0,0
1392,79,0,0,0
1393,94,0,0,0
1394,4,0,6,0
1395,94,0,0,0
1396,94,0,0,0
1397,69,0,0,0
1398,4,0,6,0
1399,78,0,0,0
1400,104,0,0,175
1401,4,0,6,0
1402,4,0,6,0
1403,94,0,0,0
1404,94,0,0,0
1405,131,0,0,36;128;255
1406,4;131,0,0,0
1407,94,0,0,0
1408,94,0,0,0
1409,0,0,0,0
1410,34,0,0,0
1411,94,0,0,0
1412,80,0,0,0
1413,85,0,0,0
1414,94,0,0,0
1415,60,0,0,0
1416,131,0,0,0
1417,94,0,0,0
1418,85,0,0,0
1419,94,0,0,0
1420,131,0,0,0
1421,85,0,0,0
1422,94,0,0,0
1423,0,0,0,0
1424,131,0,26;40;81,153
1425,94,0,0,0
1426,1,0,0,29;83;108;143;153;158
1427,94,0,0,0
1428,4,0,6,0
1429,4,0,6,0
1430,4,0,6,0
1431,4,0,6,0
1432,4,0,6,0
1433,4,0,6,0
1434,4,0,6,0
1435,4,0,6,0
1436,4,0,6,0
1437,4,0,6,0
1438,4,0,6,0
1439,4,0,6,0
1440,4,0,6,0
1441,4,0,6,0
1442,4,0,6,0
1443,4,0,6,0
1444,4,0,6,0
1445,4,0,6,0
1446,4,0,6,0
1447,4,0,6,0
1448,4,0,6,0
1449,4,0,6,0
1450,4,0,6,0
1451,4,0,6,0
1452,4,0,6,0
1453,4,0,6,0
1454,97;60,0,10,0
1455,11,0,75,0
1456,21,0,0,0
1457,21,0,0,0
1458,94,0,0,0
1459,94,0,0,0
1460,94,0,0,0
1461,94,0,0,0
1462,4,0,6,0
1463,69,0,0,0
1464,131,0,0,0
1465,34,0,0,0
1466,85,0,0,0
1467,4,0,6,0
1468,4;131,0,6,0
1469,4,0,6,0
1470,34,0,0,0
1471,131,2;33;102;115,26,0
1472,21,0,0,0
1473,131,0,0,133;153;157;254
1474,94,0,0,0
1475,21,0,0,0
1476,42,0,0,0
1477,85,0,0,0
1478,21,0,0,0
1479,21,0,0,0
1480,94,0,0,0
1481,4,0,6,0
1482,94,0,0,0
1483,0,0,0,0
1484,1,0,0,7;84;146;153
1485,59,0,0,0
1486,131,0,0,108;144;153;176
1487,94,0,0,0
1488,21,0,0,0
1489,4,0,6,0
1490,131,0,0,47;79;84;108;189
1491,97,0,0,57
1492,94,0,0,0
1493,129,0,0,0
1494,94,0,0,0
1495,0,0,0,0
1496,60,0,0,0
1497,0,0,0,0
1498,94,0,0,0
1499,0,0,0,0
1500,104,0,0,0
1501,59,0,62,0
1502,94,0,0,0
1503,94,0,0,0
1504,94,0,0,0
1505,86,0,0,0
1506,85,0,0,0
1507,34,0,0,0
1508,94,0,0,0
1509,104,0,72,0
1510,0,0,0,0
1511,21,0,0,0
1512,131,0,0,8;19;153
1513,97,0,0,36;128;129;166;213;232;255
1514,34,0,0,0
1515,21,0,0,0
1516,131,0,0,79;129;158;165;189
1517,94,0,0,0
1518,94,0,0,0
1519,4,0,6,0
1520,29,0,0,0
1521,4,0,6,0
1522,4,0,6,0
1523,4,0,6,0
1524,4,0,6,0
1525,4,0,6,0
1526,4,0,6,0
1527,85,0,0,0
1528,34,0,0,0
1529,94,0,0,0
1530,59,0,28;54,0
1531,131,0,0,43;58
1532,21,0,0,0
1533,34,0,0,0
1534,131;58,0,0,8;19;57;64;73;79;100;108;118;120
1535,21,0,0,0
1536,120,0,0,0
1537,94,0,0,0
1538,94,0,0,0
1539,94,0,0,0
1540,21,0,0,0
1541,21,0,0,0
1542,94,0,0,0
1543,94,0,0,0
1544,131,0,0,0
1545,0,0,0,0
1546,21,0,0,0
1547,85,0,0,0
1548,94,0,0,0
1549,34,0,0,0
1550,68,0,0,0
1551,94,0,0,0
1552,131;97,0,0,42;57;189;255
1553,34,0,0,0
1554,94,0,0,0
1555,34,0,0,0
1556,131,0,0,0
1557,131,46,0,7;67;71;80;84;85;128;167;176;190
1558,59,0,0,0
1559,94,0,0,0
1560,104,0,72,49;147;175;227;232
1561,94,0,0,0
1562,131,115,26,100;129;151;165
1563,1,46,0,0
1564,94,0,0,0
1565,94,0,0,0
1566,58,0,21;28,0
1567,97,0,0,230
1568,94,0,0,0
1569,131,0,0,7;255
1570,97,54,0,7;98;255
1571,21,0,0,0
1572,21,0,0,0
1573,94,0,0,0
1574,4,0,6,0
1575,0,0,0,0
1576,21,0,0,0
1577,21,0,0,0
1578,0,0,0,0
1579,94,0,0,0
1580,21,0,0,0
1581,63,0,0,42;91;190;270
1582,94,0,0,0
1583,4,0,6,0
1584,21,0,0,0
1585,0,0,0,0
1586,78,0,0,0
1587,60,0,0,0
1588,94,0,0,0
1589,0,0,0,0
1590,94,0,0,0
1591,85,0,0,0
1592,34,0,0,0
1593,97,0,10;39,129
1594,42,0,0,0
1595,104,16;115,0,0
1596,94,0,0,0
1597,0,0,0,0
1598,94,0,0,0
1599,11,0,77,0
1600,21,0,0,0
1601,0,0,0,0
1602,6,0,0,0
1603,34,0,0,0
1604,34,0,0,0
1605,34,0,0,0
1606,34,0,0,0
1607,5,0,6;66;81,0
1608,131,0,0,9;129;165;255
1609,0,0,0,0
1610,59,24,0,28;35;54,0
1611,85,0,0,0
1612,131,0,66;83,39;103;120
1613,21,0,0,0
1614,85,0,0,0
1615,94,0,0,0
1616,34,0,0,0
1617,6,95,0,79
1618,97,0,0,30;59;107;129;153;255;263
1619,94,0,0,0
1620,21,0,0,0
1621,94,0,0,0
1622,34,0,0,0
1623,131,0,0,57;71
1624,97,46,0,0
1625,0,0,0,0
1626,94,0,0,0
1627,21,0,0,0
1628,131,0,0,0
1629,21,0,0,0
1630,4,0,6,0
1631,131,0,0,153
1632,131,0,0,79;130
1633,4,0,6,0
1634,94,0,0,0
1635,0,0,0,0
1636,94,0,0,0
1637,131,54,0,255
1638,34,0,0,0
1639,0,0,0,0
1640,34,0,0,0
1641,94,0,0,0
1642,94,0,0,0
1643,21,0,0,0
1644,28,51,0,7;42;43;91;150;167
1645,94,0,0,0
1646,94,0,0,0
1647,131,0,0,108
1648,21,0,0,0
1649,94,0,0,0
1650,94,0,0,0
1651,21,0,0,0
1652,4,0,6,0
1653,94,0,0,0
1654,85,0,0,0
1655,42,0,0,153;189
1656,94,0,0,0
1657,94,0,0,0
1658,1,0,0,91;153;230
1659,21,0,0,0
1660,85,0,0,0
1661,21,0,0,0
1662,21,0,0,0
1663,21,0,0,0
1664,94,0,0,0
1665,94,0,0,0
1666,34,0,0,0
1667,60,0,0,0
1668,21,0,0,0
1669,94,0,0,0
1670,94,0,0,0
1673,0,0,0,0
1675,0,0,0,0
1676,5,0,0,0
1677,5,0,0,0
1678,5,16,0,255
1679,5,33,0,1;7;8;19;29;36;42;43;57;84;102;126;129;146;153;163;165;241;243
1680,0,0,0,0
1681,131,10,0,143
1682,21,0,0,0
1683,129,0,0,0
1684,97,13,0,91;108;153;154;241
1685,34,0,0,0
1686,97,0,0,85;111;171
1687,21,0,0,0
1688,21,0,0,0
1689,21,0,0,0
1690,21,0,0,0
1691,21,0,0,0
1692,21,0,0,0
1693,94,0,0,0
1694,42,0,0,0
1695,4,0,6,0
1696,4,0,6,0
1697,21,0,0,0
1698,58,0,0,31
1699,0,0,0,0
1701,42,62,0,0
1702,34,0,0,0
1703,94,0,0,0
1704,98,0,0,0
1705,4,0,6,0
1706,4,0,6,0
1707,4,0,6,0
1708,4,0,6,0
1709,4,0,6,0
1710,131,0,0,0
1711,80,0,0,0
1712,4,0,6,0
1713,4,0,6,0
1714,4,0,6,0
1715,4,0,6,0
1716,4,0,6,0
1717,4,0,6,0
1718,4,0,6,0
1719,0,0,0,0
1720,104,0,0,0
1721,4,0,6,0
1722,4,0,6,0
1723,97,16,0,36;80;85;129;171
1724,4,0,6,0
1725,34,0,0,0
1726,85,0,0,0
1727,67,0,0,0
1728,94,0,0,0
1729,130,0,0,255
1730,94,0,0,0
1731,94,0,0,0
1732,21,0,0,0
1733,34,0,0,0
1734,97,0,0,0
1735,21,0,0,0
1736,21,0,0,0
1737,94,0,0,0
1738,21,0,0,0
1739,4,0,6,0
1740,4,0,6,0
1741,131,0,0,24;91;108;129;153;154
1742,43,0,0,0
1743,59,0,30;54,0
1744,21,0,0,0
1745,94,0,0,0
1746,21,0,0,0
1747,21,0,0,0
1748,97,0,0,0
1749,59,0,18;30;87,63;107
1750,21,0,0,0
1751,94,0,0,0
1752,97,75,0,1;36;57;112;113;150;151;176
1753,21,0,0,0
1754,94,0,0,0
1755,94,0,0,0
1756,94,0,0,0
1757,21,0,0,0
1758,21,0,0,0
1759,97,0,0,0
1760,120,0,0,0
1761,4,0,6,0
1762,4,0,6,0
1763,4,0,6,0
1764,0,0,0,0
1765,4,0,6,0
1766,4,0,6,0
1767,4,0,6,0
1768,4,0,6,0
1769,4,0,6,0
1770,4;131,0,6,0
1771,131,0,0,91;108;255
1772,94,0,0,0
1773,60,0,0,0
1774,97,0,0,0
1775,94,0,0,0
1776,4,0,6,0
1777,4,0,6,0
1778,4;131,0,6,0
1779,4,0,6,0
1780,4,0,6,0
1781,4,0,6,0
1782,4,0,6,0
1783,4,0,6,0
1784,4,0,6,0
1785,4,0,6,0
1786,4,0,6,0
1787,4,0,6,0
1788,94,0,0,0
1789,94,0,0,0
1790,21,0,0,0
1791,94,0,0,0
1792,21,0,0,0
1793,34,0,0,0
1794,34,0,0,0
1795,131,0,0,7;84;85;91;108;153
1796,94,0,0,0
1797,1,0,0,101;128;129;246;255
1798,21,0,0,0
1799,21,0,0,0
1800,94,0,0,0
1801,74,9;70,0,6;28;59;85;102;111;112;129;143;164;167;259
1802,21,0,0,0
1803,21,0,0,0
1804,94,0,0,0
1805,94,0,0,0
1806,42,0,0,0
1807,131,0,0,30;108;221
1808,85,0,0,0
1810,131,0,0,0
1811,0,0,0,0
1812,0,0,0,0
1813,94,0,0,0
1814,21,0,0,0
1815,21,0,0,0
1816,42,0,6;10;39;68,6;49;72
1817,94,0,0,0
1818,50,0,0,0
1819,94,0,0,0
1820,4,0,6,0
1821,59,0,30,0
1822,21,0,0,0
1823,76,0,0,0
1824,94,0,0,0
1825,21,0,0,0
1827,131;50,0,0,85;129
1830,0,0,0,0
1876,94,0,0,0
1877,94,0,0,0
1878,131,0,0,0
1879,94,0,0,0
1880,94,0,0,0
1881,94,0,0,0
1882,104,0,72,0
1883,63,0,0,0
1884,74,0,0,0
1885,21,0,0,0
1886,97,0,0,107;227
1887,21,0,0,0
1888,131,0,0,0
1889,21,0,0,0
1890,94,0,0,0
1891,1;64,0,26;46,0
1892,97,54,0,36;57;129;150;151;171;175;227;232
1893,1,0,0,42;113;128;180
1894,21,0,0,0
1895,131,0,0,0
1896,94,0,0,0
1897,94,0,0,0
1898,0,0,0,0
1899,131,0,0,7;66;100;108;129;221
1900,94,0,0,0
1901,0,0,0,0
1903,4,0,6,0
1904,21,0,0,0
1905,94,0,0,0
1907,60,0,0,0
1908,97,0,0,27;36;42;57;83;112;113;165
1909,4,0,6,0
1910,85,0,0,0
1911,60,0,0,0
1914,0,0,0,0
1915,94,0,0,0
1917,85,0,0,0
1918,104,0,0,0
1919,94,0,0,0
1920,0,0,0,0
1921,0,0,0,0
1922,21,0,0,0
1923,85,0,0,0
1924,4,0,6,0
1925,104,0,0,0
1927,4,0,6,0
1928,50,0,0,0
1929,94,0,0,0
1931,6,0,0,0
1932,80,0,0,0
1933,0,0,0,0
1934,4,0,6,0
1936,60,0,0,0
1937,0,0,0,0
1938,104,0,0,0
1939,12,0,0,0
1940,0,0,0,0
1941,50,0,0,0
1943,85,0,0,0
1944,85,0,0,0
1945,42,28,26;49;81,0
1946,0,0,0,0
1947,21,0,0,0
1949,85,0,0,0
1952,94,0,0,0
1953,0,0,0,0
1954,0,0,0,0
1955,23,0,0,0
1956,0,0,0,0
1957,94,0,0,0
1958,94,0,0,0
1961,60,0,0,0
1962,21,0,0,0
1963,56,0,0,0
1964,94,0,0,0
1966,90,0,0,0
1967,85,0,0,0
1968,59,0,0,0
1969,94,0,0,0
1970,104,0,0,0
1971,97;107,0,10;21;39;73,57;129;171
1972,97,0,0,129;171
1973,94,0,0,0
1975,94,0,0,0
1976,94,0,0,0
1977,23,0,0,0
1978,94,0,0,0
1979,80,0,0,0
1980,85,0,0,0
1981,94,0,0,0
1982,85,0,0,0
1983,4,0,6,0
1984,21,0,0,0
1986,42,0,0,0
1987,89,0,0,0
1988,4,0,6,0
1989,0,0,0,0
1990,71,0,0,0
1991,6,52,0,0
1992,58,0,0,108;221;241;255
1993,45,0,0,0
1994,6;107,0,41;69;72,0
1995,115,0,0,0
1997,4,0,6,0
1998,0,0,0,0
1999,4,0,6,0
2000,94,0,0,0
2001,21,0,0,0
2002,85,0,0,0
2003,94,0,0,0
2004,0,0,0,0
2005,0,0,0,0
2007,94,0,0,0
2008,94,0,0,0
2009,59,0,0,0
2010,0,0,0,0
2012,0,0,0,0
2014,50,0,0,0
2015,85,0,0,0
2016,94,0,0,0
2017,0,0,0,0
2018,85,0,0,0
2019,131,46,0,0
2020,131,0,0,8;19
2021,97,79,0,47;57;79;84;108;128;153;182;183;185;273
2022,131,0,0,15;175;241
2023,131,0,0,255
2024,131,0,0,8;19;108;255
2025,99,0,0,0
2026,131,0,0,0
2027,97,0,0,36;80;171;255;256
2028,107;131,0,26,23;66;129;154;225
2029,94,0,0,0
2030,60,0,0,0
2031,0,0,0,0
2032,131,33;98,26,108;128;156
2033,60,0,0,0
2034,6,0,0,0
2035,11,0,77,0
2036,131,0,0,84;108;153
2037,99,0,0,0
2038,6,0,0,0
2039,78,0,0,0
2040,94,0,0,0
2041,94,0,0,0
2042,94,0,0,0
2043,71,0,0,0
2044,94,0,0,0
2045,94,0,0,0
2046,21,0,0,0
2047,21,0,0,0
2048,131,37,0,36;57;153
2049,94,0,0,0
2050,94,0,0,0
2051,97,0,0,0
2052,4,0,6,0
2053,78,0,0,0
2054,4,0,6,0
2055,4,0,6,0
2056,4,0,6,0
2057,4,0,6,0
2058,0,0,0,0
2059,85,0,0,0
2060,97,64,0,28;36;57;59;106;111;112;113;129;150;255
2061,104,0,72,0
2062,105,33;102,0,49;138;227
2063,94,0,0,0
2064,64,0,0,0
2065,4,0,6,0
2066,131,28,0,83;153
2067,94,0,0,0
2068,0,0,0,0
2069,85,0,0,0
2070,0,0,0,0
2071,6,0,0,0
2072,85,0,0,0
2073,85,0,0,0
2074,21,0,0,0
2075,94,0,0,0
2076,97,0,0,171;218
2077,131,0,26,0
2078,97,0,0,83;154;256
2079,4,0,6,0
2080,4,0,6,0
2081,4,0,6,0
2082,4,0,6,0
2083,4,0,6,0
2084,4,0,6,0
2085,4,0,6,0
2086,4,0,6,0
2087,4,0,6,0
2088,4,0,6,0
2089,4,0,6,0
2090,0,0,0,0
2091,4,0,6,0
2092,4,0,6,0
2093,4,0,6,0
2094,0,0,0,0
2095,94,0,0,0
2096,4,0,6,0
2097,4,0,6,0
2098,85,0,0,0
2099,94,0,0,0
2100,4,0,6,0
2101,4,0,6,0
2102,94,0,0,0
2103,4,0,6,0
2104,4,0,6,0
2105,4,0,6,0
2106,4,0,6,0
2107,4,0,6,0
2108,4;21,0,6,0
2110,4,0,6,0
2111,4,0,6,0
2112,21,0,0,0
2113,50,0,0,0
2114,4,0,6,0
2115,4,0,6,0
2116,4,0,6,0
2117,104,0,0,0
2118,21,0,0,0
2119,4,0,6,0
2120,4,0,6,0
2121,4,0,6,0
2122,4,0,6,0
2123,21,0,0,0
2124,4,0,6,0
2125,4,0,6,0
2126,4,0,6,0
2127,4,0,6,0
2128,4,0,6,0
2129,4,0,6,0
2130,4,0,6,0
2131,4,0,6,0
2132,4,0,6,0
2133,4,0,6,0
2134,4,0,6,0
2135,4,0,6,0
2136,0,0,0,0
2137,4,0,6,0
2138,4,0,6,0
2139,104,0,0,0
2140,4,0,6,0
2141,4,0,6,0
2142,4,0,6,0
2143,4,0,6,0
2144,4,0,6,0
2145,4,0,6,0
2146,94,0,0,0
2147,4,0,6,0
2148,4,0,6,0
2149,78,0,0,0
2150,94,0,0,0
2151,85,0,0,0
2152,4,0,6,0
2153,4,0,6,0
2154,94,0,0,0
2155,94,0,0,0
2156,131,0,26;40;49;81,57;58;153
2157,59,0,0,30;31;90;107;129;165
2159,4,0,6,0
2160,4,0,6,0
2161,4,0,6,0
2162,4,0,6,0
2163,4,0,6,0
2164,4,0,6,0
2165,94,0,0,0
2166,60,0,0,0
2167,21,0,0,0
2168,94,0,0,0
2169,94,0,0,0
2170,34,0,0,0
2172,34,0,0,0
2173,0,0,0,0
2174,85,0,0,0
2175,4,0,6,0
2176,104,0,0,0
2177,4,0,6,0
2178,94,0,0,0
2179,94,0,0,0
2180,59,0,54,0
2181,74,0,13,0
2183,104,0,0,0
2184,21,0,0,0
2185,80,0,0,0
2186,80,0,0,0
2187,80,0,0,0
2188,4,0,6,0
2189,69,0,0,0
2190,0,0,0,0
2191,97,0,0,36;129;153;165;171
2192,131,0,0,255
2193,4,0,6,0
2194,131,0,0,36;57;107
2195,21,0,0,0
2196,59,0,0,0
2197,131,0,0,36;100;199;241;255
2198,2,0,0,0
2200,2,0,0,0
2201,80,0,0,0
2202,0,0,0,0
2203,94,0,0,0
2204,94,0,0,0
2205,94,0,0,0
2206,0,0,0,0
2207,94,0,0,0
2208,129,0,0,0
2209,21,0,0,0
2211,4,0,6,0
2212,4,0,6,0
2213,4,0,6,0
2214,4,0,6,0
2215,78,0,0,0
2216,94,0,0,0
2217,0,0,0,0
2218,97,0,0,85;154;255
2219,85,0,0,0
2220,94,0,0,0
2221,4,0,6,0
2222,97;69,0,0,0
2223,4,0,6,0
2224,4,0,6,0
2225,4,0,6,0
2226,4,0,6,0
2227,21,0,0,0
2228,4,0,6,0
2229,4,0,6,0
2230,4,0,6,0
2231,85,0,0,0
2232,4,0,6,0
2233,4,0,6,0
2234,4,0,6,0
2235,6,0,0,0
2236,4,0,6,0
2237,4,0,6,0
2238,4,0,6,0
2239,85,0,0,0
2240,4,0,6,0
2241,4,0,6,0
2242,4,0,6,0
2243,4,0,6,0
2244,4;131,0,6,0
2245,4,0,6,0
2246,4,0,6,0
2247,4,0,6,0
2248,4,0,6,0
2249,4,0,6,0
2250,4,0,6,0
2251,4,0,6,0
2252,4,0,6,0
2253,4,0,6,0
2254,4,0,6,0
2255,4,0,6,0
2256,4,0,6,0
2257,104,0,0,0
2258,4,0,6,0
2259,85,0,0,0
2260,0,0,0,0
2261,4,0,6,0
2262,4,0,6,0
2263,4,0,6,0
2264,71,0,0,0
2265,94,0,0,0
2267,78,0,0,0
2268,4,0,6,0
2269,94,0,0,0
2270,94,0,0,0
2271,4,0,6,0
2272,4,0,6,0
2273,4,0,6,0
2274,4,0,6,0
2276,34,0,0,0
2277,85,0,0,0
2278,21,0,0,0
2279,4,0,6,0
2280,4,0,6,0
2281,6,0,0,0
2282,94,0,0,0
2283,97,0,0,0
2284,131,0,0,0
2285,94,0,0,0
2286,94,0,0,0
2287,82,0,0,0
2288,97,0,0,129;151;171
2289,94,0,0,0
2290,1,0,0,0
2291,89,0,0,0
2292,0,0,0,0
2293,104,0,0,0
2294,97,0,0,50;51;147
2295,21,0,0,0
2296,0,0,0,0
2297,0,0,0,0
2298,104,0,72,175
2299,97,0,0,36;171
2300,21,0,0,0
2301,94,0,0,0
2302,4,0,6,0
2303,4,0,6,0
2304,4,0,6,0
2305,4,0,6,0
2306,4,0,6,0
2307,4;50,0,6,0
2308,4,0,6,0
2309,4,0,6,0
2310,4,0,6,0
2311,21,0,0,0
2312,4,0,6,0
2313,4,0,6,0
2314,4,0,6,0
2315,4,0,6,0
2316,4,0,6,0
2317,4,0,6,0
2318,4,0,6,0
2319,4,0,6,0
2320,4,0,6,0
2321,4,0,6,0
2322,4,0,6,0
2323,4,0,6,0
2324,4,0,6,0
2325,4,0,6,0
2326,21,0,0,0
2327,94,0,0,0
2328,97,0,0,107;153
2329,85,0,0,0
2330,4,0,6,0
2331,131,0,0,7;85;91;262
2332,53,0,0,0
2333,4,0,6,0
2334,85,0,0,0
2335,59,0,54,0
2336,21,0,0,0
2337,34,0,0,0
2338,131;97,0,0,0
2339,4,0,6,0
2340,94,0,0,0
2341,85,0,0,0
2342,131,14,0,31;64
2343,4,0,6,0
2344,21,0,0,0
2345,94,0,0,0
2346,94,0,0,0
2347,104,0,0,0
2348,97,0,10;39,36;57;58;171
2349,0,0,0,0
2350,21,0,0,0
2351,85,0,0,0
2352,97,0,0,0
2353,63,0,26;49;81,0
2354,105,0,0,0
2355,74,0,0,0
2356,34,0,0,0
2357,94,0,0,0
2358,131,0,0,237
2359,4,0,6,0
2360,71,51,0,255
2361,63,0,0,43;107;129
2362,117,0,0,0
2363,0,0,0,0
2364,117,0,0,0
2365,97,0,0,6;80;83;102;112;150;151;171;241;255
2367,21,0,0,0
2368,42,0,0,0
2369,0,0,0,0
2370,85,0,0,0
2371,21,0,0,0
2372,104,0,0,0
2373,54,0,0,36;171
2374,94,0,0,0
2375,94,0,0,0
2376,21,0,0,0
2377,6,0,0,18;68;107;112;129
2378,4,0,6,0
2379,94,0,0,0
2380,85,0,0,0
2381,60,0,0,0
2382,0,0,0,0
2383,9,0,0,0
2384,4,0,6,0
2385,94,0,0,0
2387,131,0,26;40,91;129;153;171
2388,59,0,30;74,0
2389,0,0,0,0
2390,94,0,0,0
2391,60,0,0,0
2392,4,0,6,0
2393,94,0,0,0
2394,0,0,0,0
2395,94,0,0,0
2396,60,0,0,0
2397,4,0,6,0
2398,0,0,0,0
2399,21,0,0,0
2400,4,0,6,0
2401,4,0,6,0
2402,0,0,0,0
2403,117,0,0,0
2404,85,0,0,0
2405,94,0,0,0
2406,94,0,0,0
2407,85,0,0,0
2408,34,0,0,0
2409,42,0,0,0
2410,4,0,6,0
2411,4,0,6,0
2412,4,0,6,0
2413,97,0,0,28;112
2414,85,0,0,0
2415,21,0,0,0
2416,4,0,6,0
2417,64,0,0,0
2418,4,0,6,0
2419,4,0,6,0
2420,0,0,0,0
2421,94,0,0,0
2422,0,0,0,0
2423,34,0,0,0
2424,11,0,77,0
2425,58,4;99,0,49;51;80;100;107;129;138;167;227;232
2426,21,0,0,0
2427,0,0,0,0
2428,21,0,0,0
2429,94,0,0,0
2430,21,0,0,0
2431,94,0,0,0
2432,60,0,0,0
2433,94,0,0,0
2434,104,0,0,0
2435,4,0,6,0
2436,4,0,6,0
2438,4;131,0,6,0
2439,42,0,0,0
2440,34,0,0,0
2441,85,0,0,0
2442,21,0,0,0
2443,85,0,0,0
2444,4;131,0,6,0
2445,21,0,0,0
2446,4,0,6,0
2447,4,0,6,0
2448,0,0,0,0
2449,34,0,0,0
2450,4,0,6,0
2451,4,0,6,0
2452,21,0,0,0
2453,58,0,0,0
2454,4,0,6,0
2455,4;5,0,6,0
2456,4,0,6,0
2457,4,0,6,0
2458,94,0,0,0
2459,4,0,6,0
2460,4,0,6,0
2461,4,0,6,0
2462,4,0,6,0
2463,4,0,6,0
2464,4,0,6,0
2465,4,0,6,0
2466,4,0,6,0
2467,4,0,6,0
2468,0,0,0,0
2469,21,0,0,0
2470,59,0,0,0
2471,21,0,0,0
2472,21,0,0,0
2473,1,0,0,50;108
2474,85,0,0,0
2475,129,0,0,0
2476,0,0,0,0
2477,0,0,0,0
2478,21,0,0,0
2479,21,0,0,0
2480,42,0,0,0
2481,21,0,0,0
2482,4,0,6,0
2483,4,0,6,0
2484,4,0,6,0
2485,4,0,6,0
2486,4,0,6,0
2487,4,0,6,0
2488,4,0,6,0
2489,4,0,6,0
2490,34,0,0,0
2491,94,0,0,0
2492,94,0,0,0
2493,21,0,0,0
2494,131,0,0,59;129;255
2495,34,0,0,0
2496,4;131,0,6,0
2497,4,0,6,0
2498,4,0,6,0
2499,4,0,6,0
2500,4,0,6,0
2501,4,0,6,0
2502,129,0,0,0
2503,4,0,6,0
2504,4,0,6,0
2505,4,0,6,0
2506,4,0,6,0
2507,4,0,6,0
2508,4,0,6,0
2509,4,0,6,0
2510,4,0,6,0
2511,4,0,6,0
2512,78,0,0,0
2513,4,0,6,0
2514,4,0,6,0
2515,4,0,6,0
2516,4,0,6,0
2517,4,0,6,0
2518,4,0,6,0
2519,4,0,6,0
2520,4,0,6,0
2521,94,0,0,0
2522,94,0,0,0
2523,64,0,0,0
2524,21,0,0,0
2525,60,0,0,0
2526,0,0,0,0
2527,4,0,6,0
2528,94,0,0,0
2529,42,0,0,0
2530,94,0,0,0
2531,4,0,6,0
2532,4,0,6,0
2533,4,0,6,0
2534,4,0,6,0
2535,4,0,6,0
2536,94,0,0,0
2537,94,0,0,0
2538,21,0,0,0
2539,0,0,0,0
2540,94,0,0,0
2541,60,0,0,0
2542,94,0,0,0
2543,4,0,6,0
2544,4,0,6,0
2545,4,0,6,0
2546,4,0,6,0
2547,97,0,10;39,0
2548,131,0,0,47;157;241
2549,4,0,6,0
2550,4,0,6,0
2551,4,0,6,0
2552,131,0,0,0
2553,85,0,0,0
2554,68,0,0,0
2555,85,0,0,0
2556,21,0,0,0
2557,94,0,0,0
2559